id,name,desc,url,mediaType,added
18,Ressource 0,Ressource Description,???,URL,13-11-2020
19,Ressource 1,Ressource Description,???,URL,13-11-2020
20,Ressource 2,Ressource Description,???,URL,13-11-2020
21,Ressource 3,Ressource Description,???,URL,13-11-2020
22,Ressource 4,Ressource Description,???,URL,13-11-2020
23,Ressource 5,Ressource Description,???,URL,13-11-2020
24,Ressource 6,Ressource Description,???,URL,13-11-2020
25,Ressource 7,Ressource Description,???,URL,13-11-2020
26,Ressource 8,Ressource Description,???,URL,13-11-2020
27,Ressource 9,Ressource Description,???,URL,13-11-2020
28,Ressource 10,Ressource Description,???,URL,13-11-2020
29,Ressource 11,Ressource Description,???,URL,13-11-2020
30,Ressource 12,Ressource Description,???,URL,13-11-2020
31,Ressource 13,Ressource Description,???,URL,13-11-2020
32,Ressource 14,Ressource Description,???,URL,13-11-2020
33,Ressource 15,Ressource Description,???,URL,13-11-2020
34,Ressource 16,Ressource Description,???,URL,13-11-2020
35,Ressource 17,Ressource Description,???,URL,13-11-2020
36,Ressource 18,Ressource Description,???,URL,13-11-2020
37,Ressource 19,Ressource Description,???,URL,13-11-2020
40,Ressource 20,Ressource Description,???,URL,13-11-2020
